Region,Country,Item Type,Sales Channel,Order Priority,Order Date,Order ID,Ship Date,Units Sold,Unit Price,Unit Cost,Total Revenue,Total Cost,Total Profit
Australia and Oceania,Palau,Office Supplies,Online,H,3/6/2016,517073523,3/26/2016,2401,651.21,524.96,1563555.21,1260428.96,303126.25
Europe,Poland,Beverages,Online,L,4/18/2010,380507028,5/26/2010,9340,47.45,31.79,443183.00,296918.60,146264.40
North America,Canada,Cereal,Online,M,1/8/2015,504055583,1/31/2015,103,205.70,117.11,21187.10,12062.33,9124.77
Europe,Belarus,Snacks,Online,C,1/19/2014,954955518,2/27/2014,1414,152.58,97.44,215748.12,137780.16,77967.96
Middle East and North Africa,Oman,Cereal,Offline,H,4/26/2019,970755660,6/2/2019,7027,205.70,117.11,1445453.90,822931.97,622521.93
Sub-Saharan Africa,Burkina Faso,Office Supplies,Online,C,3/3/2012,309317338,4/5/2012,2729,651.21,524.96,1777152.09,1432615.84,344536.25
Europe,Montenegro,Personal Care,Online,H,11/24/2012,598814380,12/25/2012,1337,81.73,56.67,109273.01,75767.79,33505.22
Middle East and North Africa,Azerbaijan,Cosmetics,Offline,M,3/18/2011,387733113,5/5/2011,7699,437.20,263.33,3366002.80,2027377.67,1338625.13
Sub-Saharan Africa,South Sudan,Clothes,Offline,C,5/10/2014,994872367,6/17/2014,3696,109.28,35.84,403898.88,132464.64,271434.24
North America,Greenland,Personal Care,Online,C,5/25/2020,659343469,6/14/2020,3239,81.73,56.67,264723.47,183554.13,81169.34
Europe,Portugal,Cosmetics,Online,M,11/12/2012,390570247,11/13/2012,7270,437.20,263.33,3178444.00,1914409.10,1264034.90
Sub-Saharan Africa,Sierra Leone,Clothes,Offline,C,7/25/2019,818289029,7/27/2019,8763,109.28,35.84,957620.64,314065.92,643554.72
Europe,Germany,Personal Care,Offline,H,12/25/2010,842548644,1/24/2011,7722,81.73,56.67,631119.06,437605.74,193513.32
Europe,Montenegro,Personal Care,Offline,L,8/3/2012,783710420,8/10/2012,6184,81.73,56.67,505418.32,350447.28,154971.04
Asia,Bangladesh,Cereal,Offline,L,12/3/2013,132448184,1/15/2014,3216,205.70,117.11,661531.20,376625.76,284905.44
Sub-Saharan Africa,Mauritius ,Snacks,Online,M,9/22/2016,699748265,10/3/2016,9917,152.58,97.44,1513135.86,966312.48,546823.38
Asia,Kyrgyzstan,Snacks,Offline,H,11/22/2018,766909492,12/15/2018,4416,152.58,97.44,673793.28,430295.04,243498.24
Sub-Saharan Africa,Madagascar,Clothes,Online,C,10/27/2019,935543191,10/29/2019,6875,109.28,35.84,751300.00,246400.00,504900.00
Europe,Romania,Meat,Online,M,1/25/2015,977573192,2/7/2015,4486,421.89,364.69,1892598.54,1635999.34,256599.20
Europe,Malta,Personal Care,Offline,H,5/21/2012,285235822,6/22/2012,6473,81.73,56.67,529038.29,366824.91,162213.38
Europe,Latvia,Clothes,Online,H,9/10/2015,121079909,10/2/2015,9091,109.28,35.84,993464.48,325821.44,667643.04
Asia,Bangladesh,Fruits,Online,L,9/14/2019,467966783,9/27/2019,625,9.33,6.92,5831.25,4325.00,1506.25
Middle East and North Africa,Yemen,Household,Online,C,4/18/2015,479070270,5/8/2015,6394,668.27,502.54,4272918.38,3213240.76,1059677.62
Asia,Myanmar,Vegetables,Offline,H,3/28/2016,727876698,4/19/2016,3745,154.06,90.93,576954.70,340532.85,236421.85
Sub-Saharan Africa,The Gambia,Office Supplies,Online,L,1/28/2011,958184897,3/7/2011,7059,651.21,524.96,4596891.39,3705692.64,891198.75
Europe,Russia,Fruits,Offline,H,3/26/2011,534106194,5/13/2011,2747,9.33,6.92,25629.51,19009.24,6620.27
Sub-Saharan Africa,Malawi,Snacks,Online,M,8/8/2013,690064418,8/29/2013,4251,152.58,97.44,648617.58,414217.44,234400.14
Middle East and North Africa,Oman,Cosmetics,Offline,M,8/1/2016,480795896,9/10/2016,7045,437.20,263.33,3080074.00,1855159.85,1224914.15
Central America and the Caribbean,Belize,Fruits,Offline,H,9/24/2014,831349456,10/20/2014,3633,9.33,6.92,33895.89,25140.36,8755.53
Central America and the Caribbean,Haiti,Baby Food,Online,M,10/17/2014,487086427,10/30/2014,8553,255.28,159.42,2183409.84,1363519.26,819890.58
Europe,Slovakia,Cosmetics,Offline,L,9/7/2019,963680636,10/1/2019,3370,437.20,263.33,1473364.00,887422.10,585941.90
Middle East and North Africa,Oman,Vegetables,Online,L,6/2/2012,697118413,7/16/2012,1685,154.06,90.93,259591.10,153217.05,106374.05
Middle East and North Africa,Qatar,Office Supplies,Offline,M,12/18/2014,893698585,2/2/2015,4126,651.21,524.96,2686892.46,2165984.96,520907.50
Sub-Saharan Africa,Namibia,Household,Offline,M,9/11/2018,580032479,9/29/2018,3355,668.27,502.54,2242045.85,1686021.70,556024.15
Sub-Saharan Africa,Democratic Republic of the Congo,Snacks,Online,L,2/22/2011,653043925,3/31/2011,9064,152.58,97.44,1382985.12,883196.16,499788.96
Europe,Slovenia,Cosmetics,Online,H,6/9/2013,729969251,7/19/2013,2978,437.20,263.33,1301981.60,784196.74,517784.86
Asia,Uzbekistan,Baby Food,Online,L,10/9/2010,498357284,10/12/2010,3850,255.28,159.42,982828.00,613767.00,369061.00
Europe,United Kingdom,Personal Care,Offline,H,3/27/2011,166069352,4/16/2011,2467,81.73,56.67,201627.91,139804.89,61823.02
Sub-Saharan Africa,Zambia,Cosmetics,Online,C,1/26/2019,911279284,2/12/2019,6646,437.20,263.33,2905631.20,1750091.18,1155540.02
Europe,Poland,Clothes,Online,H,8/21/2018,832473409,9/27/2018,6236,109.28,35.84,681470.08,223498.24,457971.84
Sub-Saharan Africa,Comoros,Office Supplies,Online,C,11/6/2011,798450553,11/14/2011,8117,651.21,524.96,5285871.57,4261100.32,1024771.25
Asia,Singapore,Beverages,Offline,L,10/19/2012,398322045,11/15/2012,1200,47.45,31.79,56940.00,38148.00,18792.00
Europe,Portugal,Office Supplies,Online,L,5/15/2010,191511714,6/7/2010,1427,651.21,524.96,929276.67,749117.92,180158.75
Europe,Switzerland,Vegetables,Online,M,4/26/2016,357755887,6/8/2016,6772,154.06,90.93,1043294.32,615777.96,427516.36
Europe,France,Household,Online,C,3/8/2017,247103393,3/26/2017,2240,668.27,502.54,1496924.80,1125689.60,371235.20
Australia and Oceania,Samoa ,Beverages,Online,C,9/11/2011,629915559,10/28/2011,4867,47.45,31.79,230939.15,154721.93,76217.22
Sub-Saharan Africa,Lesotho,Personal Care,Online,L,2/16/2016,546866214,2/28/2016,8720,81.73,56.67,712685.60,494162.40,218523.20
Asia,South Korea,Fruits,Offline,C,3/5/2016,458941686,3/19/2016,9898,9.33,6.92,92348.34,68494.16,23854.18
Europe,Poland,Cosmetics,Online,C,2/2/2015,897440803,3/13/2015,1531,437.20,263.33,669353.20,403158.23,266194.97
Central America and the Caribbean,Antigua and Barbuda ,Household,Online,H,8/11/2017,213974893,9/16/2017,8781,668.27,502.54,5868078.87,4412803.74,1455275.13
Europe,Austria,Cosmetics,Offline,L,12/12/2013,430467784,1/24/2014,3838,437.20,263.33,1677973.60,1010660.54,667313.06
Europe,Switzerland,Meat,Online,C,3/16/2017,489155805,3/27/2017,928,421.89,364.69,391513.92,338432.32,53081.60
Europe,Norway,Cereal,Offline,C,4/2/2015,302587783,5/3/2015,1304,205.70,117.11,268232.80,152711.44,115521.36
Middle East and North Africa,Qatar,Personal Care,Online,M,11/6/2018,303625047,11/9/2018,8253,81.73,56.67,674517.69,467697.51,206820.18
Europe,Hungary,Cosmetics,Online,L,7/12/2013,995441424,8/3/2013,2093,437.20,263.33,915059.60,551149.69,363909.91
Middle East and North Africa,Yemen,Meat,Offline,H,5/28/2018,701523244,7/7/2018,5172,421.89,364.69,2182015.08,1886176.68,295838.40
Sub-Saharan Africa,Cote d'Ivoire,Meat,Offline,H,9/2/2016,515669333,10/22/2016,6870,421.89,364.69,2898384.30,2505420.30,392964.00
Europe,Malta,Clothes,Online,M,5/30/2014,251991021,6/6/2014,8598,109.28,35.84,939589.44,308152.32,631437.12
Europe,Montenegro,Beverages,Offline,L,11/11/2013,694912135,11/19/2013,8798,47.45,31.79,417465.10,279688.42,137776.68
Sub-Saharan Africa,Eritrea,Office Supplies,Offline,C,10/9/2018,449169003,10/17/2018,7945,651.21,524.96,5173863.45,4170807.20,1003056.25
Sub-Saharan Africa,Cameroon,Snacks,Online,M,5/5/2018,889810454,5/9/2018,3542,152.58,97.44,540438.36,345132.48,195305.88
North America,Canada,Office Supplies,Online,M,12/25/2013,312197816,12/30/2013,5126,651.21,524.96,3338102.46,2690944.96,647157.50
Sub-Saharan Africa,Uganda,Personal Care,Offline,L,12/12/2013,682004916,12/21/2013,9265,81.73,56.67,757228.45,525047.55,232180.90
Europe,Estonia,Office Supplies,Online,H,4/20/2017,885218083,5/15/2017,4557,651.21,524.96,2967563.97,2392242.72,575321.25
Sub-Saharan Africa,Gabon,Cosmetics,Offline,L,4/7/2019,778136146,4/10/2019,6632,437.20,263.33,2899510.40,1746404.56,1153105.84
Australia and Oceania,Palau,Clothes,Offline,M,7/26/2016,737370431,7/31/2016,3151,109.28,35.84,344341.28,112931.84,231409.44
Middle East and North Africa,Egypt,Office Supplies,Online,C,10/13/2012,309844768,11/14/2012,8807,651.21,524.96,5735206.47,4623322.72,1111883.75
Europe,Portugal,Clothes,Online,C,12/29/2012,462795484,2/15/2013,323,109.28,35.84,35297.44,11576.32,23721.12
Europe,Czech Republic,Clothes,Online,C,6/9/2018,433771407,6/11/2018,1454,109.28,35.84,158893.12,52111.36,106781.76
Asia,Turkmenistan,Cereal,Online,M,6/19/2010,880633866,7/3/2010,7986,205.70,117.11,1642720.20,935240.46,707479.74
Central America and the Caribbean,Saint Lucia,Personal Care,Online,M,1/22/2020,731556689,2/26/2020,2736,81.73,56.67,223613.28,155049.12,68564.16
Europe,United Kingdom,Personal Care,Offline,H,7/16/2015,335026204,8/18/2015,554,81.73,56.67,45278.42,31395.18,13883.24
Sub-Saharan Africa,Malawi,Snacks,Online,L,11/8/2014,109841239,11/19/2014,3318,152.58,97.44,506260.44,323305.92,182954.52
Europe,Monaco,Personal Care,Offline,L,1/23/2016,995113122,3/4/2016,4941,81.73,56.67,403827.93,280006.47,123821.46
Sub-Saharan Africa,Djibouti,Vegetables,Offline,C,5/21/2013,400265681,6/17/2013,6365,154.06,90.93,980591.90,578769.45,401822.45
Sub-Saharan Africa,Zimbabwe,Fruits,Online,H,3/29/2013,755035245,5/8/2013,562,9.33,6.92,5243.46,3889.04,1354.42
Central America and the Caribbean,Grenada,Household,Offline,M,3/16/2018,959470641,4/22/2018,7539,668.27,502.54,5038087.53,3788649.06,1249438.47
Europe,Andorra,Meat,Online,L,12/19/2010,433933198,1/30/2011,9331,421.89,364.69,3936655.59,3402922.39,533733.20
Sub-Saharan Africa,Nigeria,Beverages,Offline,L,2/23/2013,469096744,3/8/2013,5006,47.45,31.79,237534.70,159140.74,78393.96
Asia,Kyrgyzstan,Beverages,Offline,L,10/17/2015,175947606,11/11/2015,5661,47.45,31.79,268614.45,179963.19,88651.26
Asia,Tajikistan,Vegetables,Online,M,10/19/2016,535784614,11/26/2016,9428,154.06,90.93,1452477.68,857288.04,595189.64
Asia,Malaysia,Beverages,Offline,H,7/26/2015,350219094,8/21/2015,6467,47.45,31.79,306859.15,205585.93,101273.22
Europe,Hungary,Personal Care,Online,L,5/5/2018,291174876,5/9/2018,3971,81.73,56.67,324549.83,225036.57,99513.26
Europe,Germany,Clothes,Online,L,7/1/2011,650888288,8/18/2011,1163,109.28,35.84,127092.64,41681.92,85410.72
Sub-Saharan Africa,Guinea,Cosmetics,Offline,L,4/29/2020,891908156,5/19/2020,4299,437.20,263.33,1879522.80,1132055.67,747467.13
Middle East and North Africa,Pakistan,Fruits,Online,M,3/1/2018,997095811,3/2/2018,1663,9.33,6.92,15515.79,11507.96,4007.83
Sub-Saharan Africa,Equatorial Guinea,Office Supplies,Online,C,4/10/2017,119625079,4/16/2017,8574,651.21,524.96,5583474.54,4501007.04,1082467.50
Middle East and North Africa,Morocco,Baby Food,Online,M,1/16/2010,632982289,1/30/2010,2381,255.28,159.42,607821.68,379579.02,228242.66
Australia and Oceania,Nauru,Vegetables,Online,M,2/1/2017,480966269,3/17/2017,7462,154.06,90.93,1149595.72,678519.66,471076.06
Asia,Uzbekistan,Personal Care,Offline,H,10/3/2017,827688348,10/28/2017,230,81.73,56.67,18797.90,13034.10,5763.80
Europe,Finland,Clothes,Offline,L,8/20/2019,207572352,9/17/2019,4127,109.28,35.84,450998.56,147911.68,303086.88
Asia,Indonesia,Beverages,Online,C,6/6/2010,375354611,7/10/2010,4626,47.45,31.79,219503.70,147060.54,72443.16
Asia,Maldives,Cosmetics,Offline,H,10/10/2016,456083953,10/25/2016,4232,437.20,263.33,1850230.40,1114412.56,735817.84
Middle East and North Africa,Morocco,Cereal,Offline,C,5/4/2013,995121705,5/9/2013,7481,205.70,117.11,1538841.70,876099.91,662741.79
Central America and the Caribbean,Dominican Republic,Clothes,Offline,L,9/22/2013,808141696,10/18/2013,5941,109.28,35.84,649232.48,212925.44,436307.04
Middle East and North Africa,Qatar,Clothes,Online,H,8/27/2011,131130254,9/10/2011,3211,109.28,35.84,350898.08,115082.24,235815.84
North America,United States of America,Clothes,Offline,M,5/21/2018,170386207,7/3/2018,9920,109.28,35.84,1084057.60,355532.80,728524.80
Sub-Saharan Africa,South Africa,Cosmetics,Online,C,8/10/2014,852520883,9/29/2014,8729,437.20,263.33,3816318.80,2298607.57,1517711.23
Sub-Saharan Africa,Swaziland,Household,Offline,C,12/8/2019,374458110,12/17/2019,9331,668.27,502.54,6235627.37,4689200.74,1546426.63
Middle East and North Africa,Kuwait,Personal Care,Offline,C,9/18/2012,153434216,9/30/2012,3449,81.73,56.67,281886.77,195454.83,86431.94
Sub-Saharan Africa,Guinea-Bissau,Fruits,Online,H,3/24/2010,776998031,4/27/2010,9839,9.33,6.92,91797.87,68085.88,23711.99
Europe,Sweden,Beverages,Offline,H,7/22/2020,653010880,8/6/2020,9286,47.45,31.79,440620.70,295201.94,145418.76
Central America and the Caribbean,Saint Lucia,Clothes,Online,L,11/14/2015,959646594,12/20/2015,9608,109.28,35.84,1049962.24,344350.72,705611.52
Europe,France,Clothes,Online,L,8/10/2012,695391499,9/15/2012,653,109.28,35.84,71359.84,23403.52,47956.32
Middle East and North Africa,Bahrain,Cereal,Online,H,9/5/2012,729044425,10/22/2012,9301,205.70,117.11,1913215.70,1089240.11,823975.59
Europe,Vatican City,Personal Care,Online,C,6/29/2019,649716699,7/10/2019,4464,81.73,56.67,364842.72,252974.88,111867.84
Middle East and North Africa,Yemen,Cosmetics,Offline,C,3/22/2011,116832149,4/3/2011,2084,437.20,263.33,911124.80,548779.72,362345.08
Asia,Nepal,Office Supplies,Offline,H,5/1/2010,210127103,6/14/2010,134,651.21,524.96,87262.14,70344.64,16917.50
Asia,Tajikistan,Vegetables,Online,L,1/18/2014,279650390,2/26/2014,3620,154.06,90.93,557697.20,329166.60,228530.60
Europe,Finland,Vegetables,Offline,C,5/29/2010,195763337,7/13/2010,9577,154.06,90.93,1475432.62,870836.61,604596.01
Middle East and North Africa,Algeria,Cereal,Online,M,9/7/2015,799139773,10/24/2015,2072,205.70,117.11,426210.40,242651.92,183558.48
Sub-Saharan Africa,Niger,Beverages,Offline,L,7/30/2015,750766026,9/11/2015,7206,47.45,31.79,341924.70,229078.74,112845.96
Asia,Kazakhstan,Fruits,Offline,L,5/1/2013,581940925,5/19/2013,8106,9.33,6.92,75628.98,56093.52,19535.46
Europe,Germany,Meat,Online,H,9/9/2013,444275796,10/3/2013,9936,421.89,364.69,4191899.04,3623559.84,568339.20
Sub-Saharan Africa,Democratic Republic of the Congo,Clothes,Offline,L,7/23/2017,559694468,9/9/2017,4886,109.28,35.84,533942.08,175114.24,358827.84
Australia and Oceania,Samoa ,Fruits,Offline,C,8/25/2016,770433270,10/5/2016,7180,9.33,6.92,66989.40,49685.60,17303.80
Europe,Georgia,Cereal,Offline,H,3/21/2020,989041030,5/3/2020,8074,205.70,117.11,1660821.80,945546.14,715275.66
Australia and Oceania,Solomon Islands,Cosmetics,Online,C,8/23/2017,748379075,8/29/2017,854,437.20,263.33,373368.80,224883.82,148484.98
Europe,Hungary,Meat,Online,H,11/4/2015,551621234,11/27/2015,5836,421.89,364.69,2462150.04,2128330.84,333819.20
Australia and Oceania,East Timor,Snacks,Offline,H,7/17/2012,522253835,9/2/2012,5370,152.58,97.44,819354.60,523252.80,296101.80
Europe,Netherlands,Baby Food,Offline,M,4/28/2012,854075706,5/18/2012,8836,255.28,159.42,2255654.08,1408635.12,847018.96
Central America and the Caribbean,Haiti,Household,Online,C,7/29/2010,461198174,9/17/2010,7644,668.27,502.54,5108255.88,3841415.76,1266840.12
Europe,Sweden,Office Supplies,Online,M,3/24/2020,128045070,4/22/2020,236,651.21,524.96,153685.56,123890.56,29795.00
Asia,Nepal,Clothes,Offline,H,12/13/2012,259352719,12/30/2012,7088,109.28,35.84,774576.64,254033.92,520542.72
Sub-Saharan Africa,Cote d'Ivoire,Fruits,Online,C,1/10/2010,430169951,1/18/2010,5703,9.33,6.92,53208.99,39464.76,13744.23
Sub-Saharan Africa,Benin,Cosmetics,Offline,L,11/11/2012,735858094,11/22/2012,5617,437.20,263.33,2455752.40,1479124.61,976627.79
North America,Greenland,Snacks,Online,M,1/8/2019,442090976,2/2/2019,3399,152.58,97.44,518619.42,331198.56,187420.86
Sub-Saharan Africa,South Sudan,Vegetables,Online,M,11/13/2016,234854924,11/23/2016,7646,154.06,90.93,1177942.76,695250.78,482691.98
Central America and the Caribbean,Haiti,Cereal,Online,H,4/29/2012,870448768,5/13/2012,3989,205.70,117.11,820537.30,467151.79,353385.51
North America,Mexico,Snacks,Online,L,10/24/2012,925483834,10/24/2012,88,152.58,97.44,13427.04,8574.72,4852.32
Sub-Saharan Africa,South Africa,Snacks,Online,L,3/19/2011,846883952,4/7/2011,636,152.58,97.44,97040.88,61971.84,35069.04
Sub-Saharan Africa,Cape Verde,Clothes,Online,M,8/8/2012,701885449,9/11/2012,2357,109.28,35.84,257572.96,84474.88,173098.08
Europe,Slovenia,Personal Care,Offline,H,3/23/2018,628037154,5/9/2018,9005,81.73,56.67,735978.65,510313.35,225665.30
Central America and the Caribbean,Saint Lucia,Baby Food,Online,M,2/14/2020,383200395,3/9/2020,6367,255.28,159.42,1625367.76,1015027.14,610340.62
Sub-Saharan Africa,Zambia,Clothes,Online,C,3/12/2017,695548999,3/30/2017,7260,109.28,35.84,793372.80,260198.40,533174.40
Australia and Oceania,Marshall Islands,Fruits,Offline,L,7/15/2020,113569295,8/30/2020,6533,9.33,6.92,60952.89,45208.36,15744.53
Sub-Saharan Africa,Liberia,Cosmetics,Online,L,1/8/2016,856060111,1/22/2016,6065,437.20,263.33,2651618.00,1597096.45,1054521.55
Europe,Kosovo,Snacks,Online,M,5/23/2012,262132775,7/2/2012,9768,152.58,97.44,1490401.44,951793.92,538607.52
Asia,Laos,Household,Offline,L,7/28/2014,241211116,8/27/2014,8584,668.27,502.54,5736429.68,4313803.36,1422626.32
Asia,Indonesia,Beverages,Online,L,4/13/2018,523031461,4/17/2018,5487,47.45,31.79,260358.15,174431.73,85926.42
Sub-Saharan Africa,Uganda,Beverages,Offline,C,5/28/2015,907642638,6/19/2015,481,47.45,31.79,22823.45,15290.99,7532.46
Middle East and North Africa,Iran,Meat,Online,H,1/5/2010,815405976,1/10/2010,5603,421.89,364.69,2363849.67,2043358.07,320491.60
Sub-Saharan Africa,Equatorial Guinea,Baby Food,Offline,H,1/14/2013,636995303,1/26/2013,9921,255.28,159.42,2532632.88,1581605.82,951027.06
Europe,Hungary,Cosmetics,Offline,H,7/13/2015,383396947,7/30/2015,4531,437.20,263.33,1980953.20,1193148.23,787804.97
Middle East and North Africa,Somalia,Baby Food,Online,C,5/18/2015,135909736,6/18/2015,7566,255.28,159.42,1931448.48,1206171.72,725276.76
Europe,Luxembourg,Vegetables,Offline,L,12/25/2011,496144998,1/23/2012,9185,154.06,90.93,1415041.10,835192.05,579849.05
Europe,Estonia,Snacks,Online,M,8/5/2011,336026561,8/28/2011,6581,152.58,97.44,1004128.98,641252.64,362876.34
Europe,Germany,Cereal,Online,M,4/10/2011,847790753,5/22/2011,8979,205.70,117.11,1846980.30,1051530.69,795449.61
Middle East and North Africa,Libya,Snacks,Offline,L,12/7/2014,593986403,1/23/2015,2631,152.58,97.44,401437.98,256364.64,145073.34
Europe,Sweden,Office Supplies,Offline,L,4/17/2017,457474839,5/5/2017,5826,651.21,524.96,3793949.46,3058416.96,735532.50
Middle East and North Africa,Yemen,Office Supplies,Online,M,12/4/2019,491429889,12/25/2019,3880,651.21,524.96,2526694.80,2036844.80,489850.00
Europe,Liechtenstein,Beverages,Offline,H,3/18/2015,369337880,4/22/2015,4141,47.45,31.79,196490.45,131642.39,64848.06
Middle East and North Africa,Libya,Meat,Online,H,1/26/2013,734997642,2/23/2013,990,421.89,364.69,417671.10,361043.10,56628.00
Sub-Saharan Africa,Senegal,Cereal,Online,H,4/3/2014,952520501,5/4/2014,838,205.70,117.11,172376.60,98138.18,74238.42
Australia and Oceania,Kiribati,Beverages,Online,H,8/23/2015,456330287,9/5/2015,7127,47.45,31.79,338176.15,226567.33,111608.82
Sub-Saharan Africa,Zimbabwe,Beverages,Online,C,8/21/2015,101163327,8/27/2015,5331,47.45,31.79,252955.95,169472.49,83483.46
Central America and the Caribbean,Saint Lucia,Cosmetics,Offline,L,6/27/2019,812068450,7/30/2019,7955,437.20,263.33,3477926.00,2094790.15,1383135.85
Sub-Saharan Africa,South Sudan,Office Supplies,Offline,L,7/20/2012,434406983,8/14/2012,9535,651.21,524.96,6209287.35,5005493.60,1203793.75
Sub-Saharan Africa,Gabon,Personal Care,Online,C,2/18/2019,483852756,2/24/2019,1637,81.73,56.67,133792.01,92768.79,41023.22
Europe,Belgium,Fruits,Offline,C,7/23/2011,296392095,8/5/2011,7862,9.33,6.92,73352.46,54405.04,18947.42
Australia and Oceania,Kiribati,Fruits,Online,C,10/13/2011,178323829,10/31/2011,8839,9.33,6.92,82467.87,61165.88,21301.99
Australia and Oceania,Samoa ,Snacks,Online,C,3/10/2011,956259286,3/18/2011,7228,152.58,97.44,1102848.24,704296.32,398551.92
Asia,Tajikistan,Clothes,Offline,M,9/12/2018,827122294,9/22/2018,2722,109.28,35.84,297460.16,97556.48,199903.68
Australia and Oceania,New Zealand,Fruits,Offline,H,8/28/2012,308149182,9/10/2012,7046,9.33,6.92,65739.18,48758.32,16980.86
Europe,San Marino,Clothes,Online,C,5/7/2010,886888778,6/18/2010,8953,109.28,35.84,978383.84,320875.52,657508.32
Central America and the Caribbean,Antigua and Barbuda ,Office Supplies,Online,L,11/8/2019,971202409,12/17/2019,9230,651.21,524.96,6010668.30,4845380.80,1165287.50
Europe,Netherlands,Meat,Online,C,5/4/2013,839263904,6/5/2013,5694,421.89,364.69,2402241.66,2076544.86,325696.80
Europe,Bosnia and Herzegovina,Baby Food,Offline,L,12/10/2017,389559590,12/23/2017,8195,255.28,159.42,2092019.60,1306446.90,785572.70
Sub-Saharan Africa,Burundi,Baby Food,Online,C,3/7/2014,490888297,3/20/2014,3611,255.28,159.42,921816.08,575665.62,346150.46
Asia,Cambodia,Vegetables,Offline,M,2/26/2016,732361352,3/21/2016,854,154.06,90.93,131567.24,77654.22,53913.02
Asia,Turkmenistan,Cereal,Offline,H,9/28/2012,773402583,10/27/2012,5866,205.70,117.11,1206636.20,686967.26,519668.94
Sub-Saharan Africa,Equatorial Guinea,Clothes,Offline,M,9/16/2015,793748319,10/9/2015,6621,109.28,35.84,723542.88,237296.64,486246.24
Australia and Oceania,Nauru,Fruits,Online,C,7/31/2011,143447387,9/7/2011,8124,9.33,6.92,75796.92,56218.08,19578.84
Sub-Saharan Africa,Guinea-Bissau,Baby Food,Offline,C,6/24/2020,492861115,7/16/2020,7411,255.28,159.42,1891880.08,1181461.62,710418.46
Central America and the Caribbean,Dominica,Household,Online,L,11/29/2015,882663333,12/8/2015,8550,668.27,502.54,5713708.50,4296717.00,1416991.50
Sub-Saharan Africa,Botswana,Clothes,Online,L,8/25/2015,873840367,10/13/2015,7638,109.28,35.84,834680.64,273745.92,560934.72
Sub-Saharan Africa,Central African Republic,Personal Care,Offline,C,3/29/2012,997691047,4/24/2012,7806,81.73,56.67,637984.38,442366.02,195618.36
Middle East and North Africa,Qatar,Office Supplies,Online,M,6/9/2010,505826699,7/20/2010,4216,651.21,524.96,2745501.36,2213231.36,532270.00
Middle East and North Africa,Oman,Household,Online,C,2/21/2011,520171153,3/24/2011,9058,668.27,502.54,6053189.66,4552007.32,1501182.34
Europe,Sweden,Cosmetics,Offline,M,10/4/2016,882960736,11/22/2016,6558,437.20,263.33,2867157.60,1726918.14,1140239.46
Europe,Cyprus,Vegetables,Offline,C,2/28/2015,606744277,4/2/2015,7970,154.06,90.93,1227858.20,724712.10,503146.10
Sub-Saharan Africa,Liberia,Beverages,Online,L,2/8/2017,124383103,3/17/2017,6579,47.45,31.79,312173.55,209146.41,103027.14
Europe,Monaco,Baby Food,Offline,H,10/29/2018,839051043,10/30/2018,2704,255.28,159.42,690277.12,431071.68,259205.44
Central America and the Caribbean,Saint Lucia,Vegetables,Online,M,1/16/2018,174234426,2/16/2018,8693,154.06,90.93,1339243.58,790454.49,548789.09
Middle East and North Africa,Qatar,Clothes,Offline,C,5/4/2019,123732078,5/22/2019,3926,109.28,35.84,429033.28,140707.84,288325.44
Sub-Saharan Africa,Sierra Leone,Clothes,Offline,C,2/6/2018,501655328,2/25/2018,9814,109.28,35.84,1072473.92,351733.76,720740.16
Central America and the Caribbean,Panama,Cosmetics,Offline,L,7/27/2016,292428004,8/25/2016,4800,437.20,263.33,2098560.00,1263984.00,834576.00
Europe,Sweden,Vegetables,Offline,C,6/29/2018,800786435,7/2/2018,9356,154.06,90.93,1441385.36,850741.08,590644.28
Sub-Saharan Africa,Namibia,Beverages,Online,C,1/26/2013,701779448,3/6/2013,989,47.45,31.79,46928.05,31440.31,15487.74
Sub-Saharan Africa,Seychelles ,Cereal,Offline,H,5/29/2012,990768373,7/14/2012,9233,205.70,117.11,1899228.10,1081276.63,817951.47
Middle East and North Africa,Saudi Arabia,Fruits,Offline,H,1/24/2014,933427035,2/13/2014,657,9.33,6.92,6129.81,4546.44,1583.37
Europe,Serbia,Meat,Offline,L,2/8/2017,315741765,3/3/2017,3860,421.89,364.69,1628495.40,1407703.40,220792.00
Europe,Vatican City,Cosmetics,Offline,H,10/1/2016,794011390,10/4/2016,4470,437.20,263.33,1954284.00,1177085.10,777198.90
Middle East and North Africa,Iran,Cereal,Offline,H,6/4/2020,944847238,6/28/2020,149,205.70,117.11,30649.30,17449.39,13199.91
Central America and the Caribbean,Panama,Office Supplies,Online,C,4/24/2010,315173137,5/28/2010,5590,651.21,524.96,3640263.90,2934526.40,705737.50
Australia and Oceania,Tuvalu,Baby Food,Offline,H,11/18/2012,772225415,1/6/2013,7516,255.28,159.42,1918684.48,1198200.72,720483.76
Sub-Saharan Africa,Djibouti,Household,Offline,M,9/5/2018,653552901,9/24/2018,9682,668.27,502.54,6470190.14,4865592.28,1604597.86
Middle East and North Africa,Pakistan,Cereal,Online,M,10/2/2019,617016923,10/13/2019,7874,205.70,117.11,1619681.80,922124.14,697557.66
Middle East and North Africa,Somalia,Cereal,Online,L,12/30/2014,490791308,1/28/2015,4909,205.70,117.11,1009781.30,574892.99,434888.31
Europe,Moldova ,Baby Food,Online,H,7/6/2015,623362386,8/13/2015,5637,255.28,159.42,1439013.36,898650.54,540362.82
Sub-Saharan Africa,Nigeria,Household,Offline,H,11/8/2017,533528983,12/22/2017,1937,668.27,502.54,1294438.99,973419.98,321019.01
Europe,Lithuania,Fruits,Offline,L,2/1/2020,260402429,2/17/2020,7720,9.33,6.92,72027.60,53422.40,18605.20
Europe,Portugal,Fruits,Offline,L,6/5/2016,813406550,6/15/2016,3929,9.33,6.92,36657.57,27188.68,9468.89
Middle East and North Africa,Morocco,Snacks,Offline,L,4/19/2013,122277677,6/6/2013,3537,152.58,97.44,539675.46,344645.28,195030.18
Europe,Albania,Vegetables,Offline,L,4/8/2013,687064635,5/14/2013,6549,154.06,90.93,1008938.94,595500.57,413438.37
Asia,Uzbekistan,Clothes,Online,C,6/3/2020,128128755,7/20/2020,5001,109.28,35.84,546509.28,179235.84,367273.44
Sub-Saharan Africa,Central African Republic,Fruits,Online,C,8/7/2013,636143863,9/15/2013,7960,9.33,6.92,74266.80,55083.20,19183.60
Sub-Saharan Africa,Equatorial Guinea,Personal Care,Offline,C,12/7/2015,422096288,1/13/2016,6526,81.73,56.67,533369.98,369828.42,163541.56
Europe,Malta,Beverages,Online,L,8/15/2014,467284858,8/17/2014,8828,47.45,31.79,418888.60,280642.12,138246.48
Sub-Saharan Africa,Mauritania,Snacks,Offline,M,10/4/2019,473320901,10/13/2019,5028,152.58,97.44,767172.24,489928.32,277243.92
Europe,Greece,Fruits,Offline,M,3/16/2016,212128245,4/5/2016,2317,9.33,6.92,21617.61,16033.64,5583.97
Europe,Macedonia,Personal Care,Offline,L,9/20/2011,875943219,10/3/2011,9919,81.73,56.67,810679.87,562109.73,248570.14
Sub-Saharan Africa,Chad,Household,Online,C,3/18/2010,127314651,3/19/2010,4089,668.27,502.54,2732556.03,2054886.06,677669.97
Sub-Saharan Africa,Rwanda,Clothes,Offline,C,2/2/2017,649103868,2/14/2017,3114,109.28,35.84,340297.92,111605.76,228692.16
Sub-Saharan Africa,Seychelles ,Meat,Offline,C,7/19/2012,694484698,8/1/2012,2310,421.89,364.69,974565.90,842433.90,132132.00
Central America and the Caribbean,Trinidad and Tobago,Baby Food,Online,C,5/8/2010,836943471,6/11/2010,9027,255.28,159.42,2304412.56,1439084.34,865328.22
Europe,United Kingdom,Clothes,Online,M,6/3/2020,820279014,7/14/2020,7643,109.28,35.84,835227.04,273925.12,561301.92
Central America and the Caribbean,Saint Lucia,Clothes,Offline,L,6/3/2011,908602654,6/18/2011,4571,109.28,35.84,499518.88,163824.64,335694.24
Central America and the Caribbean,Grenada,Fruits,Online,H,4/26/2012,536338222,5/22/2012,3253,9.33,6.92,30350.49,22510.76,7839.73
Sub-Saharan Africa,Seychelles ,Cereal,Offline,H,10/26/2010,558222043,11/1/2010,9162,205.70,117.11,1884623.40,1072961.82,811661.58
Europe,Andorra,Office Supplies,Online,H,3/4/2012,999302947,4/1/2012,4804,651.21,524.96,3128412.84,2521907.84,606505.00
Central America and the Caribbean,Guatemala,Baby Food,Online,L,6/7/2012,604942262,6/30/2012,4713,255.28,159.42,1203134.64,751346.46,451788.18
Australia and Oceania,Solomon Islands,Household,Online,M,7/7/2014,890813815,7/22/2014,459,668.27,502.54,306735.93,230665.86,76070.07
Europe,Monaco,Baby Food,Online,C,2/16/2012,292903935,3/28/2012,5638,255.28,159.42,1439268.64,898809.96,540458.68
Europe,Italy,Beverages,Online,M,7/16/2016,917511451,8/6/2016,882,47.45,31.79,41850.90,28038.78,13812.12
Asia,Vietnam,Household,Offline,C,2/18/2019,891247689,4/5/2019,8852,668.27,502.54,5915526.04,4448484.08,1467041.96
Europe,Luxembourg,Baby Food,Online,H,2/17/2018,211036479,3/29/2018,9239,255.28,159.42,2358531.92,1472881.38,885650.54
Sub-Saharan Africa,Lesotho,Cereal,Online,M,4/9/2013,294114148,5/21/2013,3767,205.70,117.11,774871.90,441153.37,333718.53
Middle East and North Africa,Syria,Office Supplies,Online,C,2/20/2011,828029525,3/21/2011,1192,651.21,524.96,776242.32,625752.32,150490.00
Sub-Saharan Africa,Angola,Cereal,Online,M,10/26/2019,220643937,12/6/2019,2299,205.70,117.11,472904.30,269235.89,203668.41
Europe,Bosnia and Herzegovina,Office Supplies,Online,M,6/23/2011,550131213,6/30/2011,4906,651.21,524.96,3194836.26,2575453.76,619382.50
Europe,Cyprus,Vegetables,Online,C,4/1/2013,814977681,4/20/2013,8861,154.06,90.93,1365125.66,805730.73,559394.93
Middle East and North Africa,Yemen,Cereal,Offline,C,5/7/2016,983982169,5/14/2016,1045,205.70,117.11,214956.50,122379.95,92576.55
Central America and the Caribbean,Belize,Vegetables,Offline,H,6/27/2013,646256005,7/12/2013,368,154.06,90.93,56694.08,33462.24,23231.84
Asia,South Korea,Cosmetics,Online,C,12/7/2014,361223018,12/31/2014,2773,437.20,263.33,1212355.60,730214.09,482141.51
Europe,Norway,Cosmetics,Online,H,1/21/2011,308619534,2/20/2011,6233,437.20,263.33,2725067.60,1641335.89,1083731.71
Sub-Saharan Africa,Sao Tome and Principe,Fruits,Online,M,6/22/2020,738494384,7/7/2020,5754,9.33,6.92,53684.82,39817.68,13867.14
Middle East and North Africa,Yemen,Snacks,Online,M,7/12/2020,621208894,8/8/2020,8371,152.58,97.44,1277247.18,815670.24,461576.94
Asia,Maldives,Meat,Offline,C,10/20/2016,797436892,10/20/2016,8152,421.89,364.69,3439247.28,2972952.88,466294.40
Central America and the Caribbean,Belize,Clothes,Online,H,5/20/2016,828164708,6/22/2016,1196,109.28,35.84,130698.88,42864.64,87834.24
Europe,Luxembourg,Cereal,Online,M,10/27/2011,344691169,11/7/2011,631,205.70,117.11,129796.70,73896.41,55900.29
Middle East and North Africa,Bahrain,Personal Care,Offline,C,7/20/2018,398627603,8/24/2018,1621,81.73,56.67,132484.33,91862.07,40622.26
Sub-Saharan Africa,Kenya,Household,Online,M,2/2/2016,311897838,3/16/2016,6356,668.27,502.54,4247524.12,3194144.24,1053379.88
Asia,Nepal,Vegetables,Offline,H,7/16/2017,826738202,8/20/2017,9061,154.06,90.93,1395937.66,823916.73,572020.93
Europe,Georgia,Clothes,Offline,L,10/9/2010,955697524,10/10/2010,990,109.28,35.84,108187.20,35481.60,72705.60
Sub-Saharan Africa,Benin,Beverages,Online,L,3/29/2017,231637132,5/14/2017,5430,47.45,31.79,257653.50,172619.70,85033.80
Central America and the Caribbean,The Bahamas,Clothes,Offline,L,10/14/2011,957730853,10/22/2011,2697,109.28,35.84,294728.16,96660.48,198067.68
Europe,Moldova ,Baby Food,Online,C,7/8/2013,557465016,8/21/2013,5141,255.28,159.42,1312394.48,819578.22,492816.26
Asia,Maldives,Personal Care,Online,L,4/29/2016,124638450,6/13/2016,2142,81.73,56.67,175065.66,121387.14,53678.52
Middle East and North Africa,Israel,Cereal,Offline,C,8/8/2015,373362481,8/25/2015,5110,205.70,117.11,1051127.00,598432.10,452694.90
Sub-Saharan Africa,Namibia,Cereal,Online,H,7/31/2013,288060939,8/5/2013,2488,205.70,117.11,511781.60,291369.68,220411.92
Australia and Oceania,Solomon Islands,Cosmetics,Offline,L,1/3/2014,273470151,1/20/2014,4750,437.20,263.33,2076700.00,1250817.50,825882.50
Australia and Oceania,Tuvalu,Clothes,Offline,M,10/14/2016,804638946,12/2/2016,9400,109.28,35.84,1027232.00,336896.00,690336.00
Asia,Taiwan,Cosmetics,Offline,C,8/16/2012,176928651,8/24/2012,5974,437.20,263.33,2611832.80,1573133.42,1038699.38
Australia and Oceania,Tuvalu,Snacks,Offline,M,6/22/2020,356013095,8/4/2020,1041,152.58,97.44,158835.78,101435.04,57400.74
Middle East and North Africa,Afghanistan,Snacks,Offline,M,1/4/2018,227878606,1/18/2018,3198,152.58,97.44,487950.84,311613.12,176337.72
Europe,Sweden,Office Supplies,Online,M,2/24/2011,548824012,3/17/2011,8076,651.21,524.96,5259171.96,4239576.96,1019595.00
Sub-Saharan Africa,South Sudan,Personal Care,Online,H,1/3/2018,795460641,1/28/2018,3335,81.73,56.67,272569.55,188994.45,83575.10
Europe,Portugal,Fruits,Offline,M,1/29/2010,514712321,2/26/2010,3669,9.33,6.92,34231.77,25389.48,8842.29
Europe,France,Office Supplies,Online,H,10/30/2013,673815381,12/11/2013,5800,651.21,524.96,3777018.00,3044768.00,732250.00
Asia,China,Beverages,Offline,H,10/21/2019,510318648,11/10/2019,3483,47.45,31.79,165268.35,110724.57,54543.78
Sub-Saharan Africa,Sierra Leone,Vegetables,Online,C,1/19/2020,682083451,2/15/2020,2505,154.06,90.93,385920.30,227779.65,158140.65
Central America and the Caribbean,Panama,Personal Care,Online,C,6/20/2013,117283618,7/7/2013,5684,81.73,56.67,464553.32,322112.28,142441.04
Australia and Oceania,Solomon Islands,Baby Food,Online,C,2/25/2011,964405477,3/4/2011,7867,255.28,159.42,2008287.76,1254157.14,754130.62
Australia and Oceania,Nauru,Vegetables,Offline,L,5/10/2020,942247855,5/12/2020,934,154.06,90.93,143892.04,84928.62,58963.42
Europe,Slovenia,Snacks,Online,H,10/2/2017,989922082,10/23/2017,8797,152.58,97.44,1342246.26,857179.68,485066.58
Australia and Oceania,Australia,Beverages,Offline,C,12/14/2018,316851985,1/3/2019,2398,47.45,31.79,113785.10,76232.42,37552.68
Europe,Norway,Beverages,Online,C,9/4/2019,452773892,9/23/2019,4711,47.45,31.79,223536.95,149762.69,73774.26
Sub-Saharan Africa,Central African Republic,Baby Food,Offline,C,10/21/2011,297736632,11/17/2011,5741,255.28,159.42,1465562.48,915230.22,550332.26
Middle East and North Africa,Azerbaijan,Cosmetics,Online,H,2/9/2010,172101533,2/24/2010,7523,437.20,263.33,3289055.60,1981031.59,1308024.01
Sub-Saharan Africa,Cote d'Ivoire,Household,Offline,C,10/30/2014,466542422,12/13/2014,9125,668.27,502.54,6097963.75,4585677.50,1512286.25
Middle East and North Africa,Egypt,Fruits,Offline,C,1/2/2017,292045629,2/6/2017,1646,9.33,6.92,15357.18,11390.32,3966.86
Sub-Saharan Africa,Benin,Baby Food,Online,C,7/14/2014,629909980,7/15/2014,3216,255.28,159.42,820980.48,512694.72,308285.76
Europe,Andorra,Personal Care,Offline,L,7/5/2017,281746804,7/22/2017,3995,81.73,56.67,326511.35,226396.65,100114.70
Europe,Poland,Snacks,Online,L,10/17/2010,819479930,12/2/2010,1177,152.58,97.44,179586.66,114686.88,64899.78
North America,Mexico,Vegetables,Offline,C,10/31/2012,735345685,11/13/2012,3984,154.06,90.93,613775.04,362265.12,251509.92
Middle East and North Africa,Yemen,Household,Online,M,11/5/2016,391892898,12/9/2016,8672,668.27,502.54,5795237.44,4358026.88,1437210.56
Middle East and North Africa,Turkey,Vegetables,Offline,L,7/22/2017,671982896,8/27/2017,3527,154.06,90.93,543369.62,320710.11,222659.51
Europe,United Kingdom,Snacks,Offline,C,7/13/2016,728789508,8/17/2016,3866,152.58,97.44,589874.28,376703.04,213171.24
Australia and Oceania,Papua New Guinea,Vegetables,Online,H,11/7/2016,235799062,11/17/2016,7037,154.06,90.93,1084120.22,639874.41,444245.81
Sub-Saharan Africa,Togo,Fruits,Offline,C,9/29/2017,736810386,10/30/2017,7422,9.33,6.92,69247.26,51360.24,17887.02
Europe,Slovakia,Household,Online,L,12/13/2019,695934808,1/9/2020,1430,668.27,502.54,955626.10,718632.20,236993.90
Europe,Czech Republic,Clothes,Offline,H,5/9/2020,447596156,5/26/2020,2504,109.28,35.84,273637.12,89743.36,183893.76
Sub-Saharan Africa,Sierra Leone,Meat,Offline,L,5/13/2017,846530759,6/18/2017,6118,421.89,364.69,2581123.02,2231173.42,349949.60
Australia and Oceania,Samoa ,Snacks,Offline,H,3/21/2016,117787444,3/22/2016,4777,152.58,97.44,728874.66,465470.88,263403.78
Europe,Latvia,Household,Online,H,12/25/2012,606727540,2/13/2013,3017,668.27,502.54,2016170.59,1516163.18,500007.41
Europe,Albania,Snacks,Online,M,7/24/2010,229024875,7/26/2010,2405,152.58,97.44,366954.90,234343.20,132611.70
Central America and the Caribbean,Nicaragua,Baby Food,Online,M,5/14/2013,120665776,6/29/2013,6540,255.28,159.42,1669531.20,1042606.80,626924.40
Sub-Saharan Africa,Tanzania,Clothes,Offline,M,4/11/2011,587949073,4/13/2011,6051,109.28,35.84,661253.28,216867.84,444385.44
Europe,Iceland,Clothes,Offline,M,1/18/2017,657486093,1/29/2017,3600,109.28,35.84,393408.00,129024.00,264384.00
Sub-Saharan Africa,Guinea,Office Supplies,Offline,H,3/26/2018,326200664,5/13/2018,8880,651.21,524.96,5782744.80,4661644.80,1121100.00
Sub-Saharan Africa,Burkina Faso,Cereal,Online,H,7/21/2014,111329114,9/8/2014,3614,205.70,117.11,743399.80,423235.54,320164.26
Asia,Malaysia,Cosmetics,Offline,M,8/5/2012,600420272,9/17/2012,6556,437.20,263.33,2866283.20,1726391.48,1139891.72
Sub-Saharan Africa,Niger,Beverages,Offline,M,6/14/2020,201335465,7/4/2020,8493,47.45,31.79,402992.85,269992.47,133000.38
Middle East and North Africa,Qatar,Meat,Online,H,4/13/2010,992248523,4/22/2010,7243,421.89,364.69,3055749.27,2641449.67,414299.60
Europe,Liechtenstein,Beverages,Offline,M,12/2/2019,171645772,12/4/2019,2653,47.45,31.79,125884.85,84338.87,41545.98
Sub-Saharan Africa,Zambia,Vegetables,Online,M,3/9/2019,408326041,4/8/2019,1604,154.06,90.93,247112.24,145851.72,101260.52
Middle East and North Africa,Iraq,Personal Care,Offline,M,6/29/2011,391400659,8/2/2011,3008,81.73,56.67,245843.84,170463.36,75380.48
Asia,Kazakhstan,Meat,Offline,C,10/16/2017,680293452,12/3/2017,2805,421.89,364.69,1183401.45,1022955.45,160446.00
Middle East and North Africa,Oman,Snacks,Online,C,10/7/2017,554740750,10/22/2017,8970,152.58,97.44,1368642.60,874036.80,494605.80
Sub-Saharan Africa,Mauritania,Meat,Offline,H,5/5/2019,264791381,5/26/2019,6509,421.89,364.69,2746082.01,2373767.21,372314.80
Sub-Saharan Africa,Mozambique,Snacks,Online,H,7/21/2010,580806672,7/31/2010,2456,152.58,97.44,374736.48,239312.64,135423.84
Central America and the Caribbean,Panama,Meat,Offline,L,5/14/2018,543460452,6/2/2018,880,421.89,364.69,371263.20,320927.20,50336.00
North America,Canada,Baby Food,Online,C,10/16/2017,613739049,11/30/2017,7878,255.28,159.42,2011095.84,1255910.76,755185.08
Middle East and North Africa,Jordan,Clothes,Online,H,1/25/2012,422941291,2/18/2012,6582,109.28,35.84,719280.96,235898.88,483382.08
Middle East and North Africa,Azerbaijan,Beverages,Offline,L,8/19/2016,122678506,8/26/2016,2151,47.45,31.79,102064.95,68380.29,33684.66
Europe,Liechtenstein,Snacks,Offline,M,1/4/2011,834874522,2/5/2011,6779,152.58,97.44,1034339.82,660545.76,373794.06
Sub-Saharan Africa,Gabon,Household,Offline,H,12/27/2018,601765668,2/14/2019,4689,668.27,502.54,3133518.03,2356410.06,777107.97
Europe,Netherlands,Office Supplies,Offline,C,9/29/2017,235900771,11/16/2017,7135,651.21,524.96,4646383.35,3745589.60,900793.75
Central America and the Caribbean,Guatemala,Cereal,Offline,H,1/15/2018,170141160,2/16/2018,7405,205.70,117.11,1523208.50,867199.55,656008.95
Sub-Saharan Africa,Ethiopia,Household,Offline,H,2/7/2016,907660663,3/21/2016,5815,668.27,502.54,3885990.05,2922270.10,963719.95
Europe,Andorra,Beverages,Offline,C,5/9/2020,771945607,6/13/2020,4714,47.45,31.79,223679.30,149858.06,73821.24
Australia and Oceania,Tonga,Household,Offline,C,12/25/2013,856794822,2/13/2014,3482,668.27,502.54,2326916.14,1749844.28,577071.86
Central America and the Caribbean,Barbados,Meat,Offline,M,10/8/2013,976319634,11/21/2013,3531,421.89,364.69,1489693.59,1287720.39,201973.20
Asia,Mongolia,Cosmetics,Offline,H,4/4/2011,114943873,4/15/2011,3301,437.20,263.33,1443197.20,869252.33,573944.87
Europe,Ukraine,Cereal,Offline,C,3/11/2010,477403867,3/21/2010,3268,205.70,117.11,672227.60,382715.48,289512.12
Middle East and North Africa,Oman,Clothes,Online,C,6/23/2010,738748443,7/29/2010,936,109.28,35.84,102286.08,33546.24,68739.84
Europe,Montenegro,Meat,Offline,C,7/5/2013,994338929,8/23/2013,5840,421.89,364.69,2463837.60,2129789.60,334048.00
Sub-Saharan Africa,Mauritania,Household,Online,C,11/9/2016,509849154,12/23/2016,4550,668.27,502.54,3040628.50,2286557.00,754071.50
Sub-Saharan Africa,South Sudan,Office Supplies,Online,M,8/2/2019,871265447,9/5/2019,5662,651.21,524.96,3687151.02,2972323.52,714827.50
North America,United States of America,Beverages,Offline,H,11/29/2016,134886634,12/15/2016,4807,47.45,31.79,228092.15,152814.53,75277.62
Central America and the Caribbean,Saint Kitts and Nevis ,Cosmetics,Online,H,4/5/2016,477324044,4/9/2016,9647,437.20,263.33,4217668.40,2540344.51,1677323.89
Europe,France,Fruits,Offline,H,7/6/2010,545501506,8/24/2010,4873,9.33,6.92,45465.09,33721.16,11743.93
Sub-Saharan Africa,Guinea,Baby Food,Online,L,6/11/2015,406655347,6/24/2015,7209,255.28,159.42,1840313.52,1149258.78,691054.74
Europe,Italy,Vegetables,Offline,M,11/26/2010,198334395,1/14/2011,410,154.06,90.93,63164.60,37281.30,25883.30
Central America and the Caribbean,Belize,Snacks,Offline,L,4/29/2010,578399980,5/20/2010,262,152.58,97.44,39975.96,25529.28,14446.68
Asia,Myanmar,Fruits,Online,H,8/10/2012,475025928,9/13/2012,9583,9.33,6.92,89409.39,66314.36,23095.03
Central America and the Caribbean,Dominican Republic,Cosmetics,Offline,H,2/26/2018,236698567,3/3/2018,3221,437.20,263.33,1408221.20,848185.93,560035.27
Asia,Turkmenistan,Cosmetics,Online,L,10/31/2012,282216727,12/9/2012,3056,437.20,263.33,1336083.20,804736.48,531346.72
Central America and the Caribbean,Panama,Personal Care,Offline,C,2/2/2016,650691735,2/6/2016,2999,81.73,56.67,245108.27,169953.33,75154.94
Europe,Montenegro,Snacks,Offline,L,6/14/2011,551547420,6/21/2011,3993,152.58,97.44,609251.94,389077.92,220174.02
Sub-Saharan Africa,Gabon,Cosmetics,Offline,M,1/10/2016,614520108,1/29/2016,9011,437.20,263.33,3939609.20,2372866.63,1566742.57
Middle East and North Africa,Jordan,Clothes,Online,M,1/3/2011,639658629,2/19/2011,8058,109.28,35.84,880578.24,288798.72,591779.52
Middle East and North Africa,Syria,Clothes,Online,M,2/28/2011,947324311,3/12/2011,3170,109.28,35.84,346417.60,113612.80,232804.80
Sub-Saharan Africa,Mauritania,Fruits,Offline,H,9/22/2016,128190982,10/19/2016,3415,9.33,6.92,31861.95,23631.80,8230.15
Sub-Saharan Africa,Benin,Cereal,Online,H,9/29/2018,893244969,10/10/2018,9891,205.70,117.11,2034578.70,1158335.01,876243.69
Australia and Oceania,Samoa ,Fruits,Online,H,2/11/2015,623785102,3/12/2015,728,9.33,6.92,6792.24,5037.76,1754.48
Sub-Saharan Africa,Mali,Meat,Offline,H,12/5/2015,821422708,12/9/2015,6088,421.89,364.69,2568466.32,2220232.72,348233.60
Central America and the Caribbean,Guatemala,Household,Offline,H,9/27/2016,358081614,11/16/2016,3162,668.27,502.54,2113069.74,1589031.48,524038.26
Sub-Saharan Africa,Cote d'Ivoire,Fruits,Offline,L,8/13/2014,425998151,9/23/2014,1174,9.33,6.92,10953.42,8124.08,2829.34
Sub-Saharan Africa,Swaziland,Beverages,Offline,M,6/17/2013,487721145,8/1/2013,6380,47.45,31.79,302731.00,202820.20,99910.80
Sub-Saharan Africa,Democratic Republic of the Congo,Cereal,Offline,C,9/10/2018,526111924,10/16/2018,7065,205.70,117.11,1453270.50,827382.15,625888.35
Middle East and North Africa,Somalia,Vegetables,Online,H,6/29/2010,594344317,8/2/2010,8546,154.06,90.93,1316596.76,777087.78,539508.98
Europe,France,Snacks,Offline,L,4/30/2013,365904653,5/15/2013,8173,152.58,97.44,1247036.34,796377.12,450659.22
Europe,Estonia,Beverages,Offline,L,9/26/2015,484591758,11/15/2015,325,47.45,31.79,15421.25,10331.75,5089.50
Europe,Liechtenstein,Clothes,Offline,L,6/14/2018,314516961,7/1/2018,1413,109.28,35.84,154412.64,50641.92,103770.72
Asia,Sri Lanka,Office Supplies,Online,L,5/14/2018,190104091,6/20/2018,4880,651.21,524.96,3177904.80,2561804.80,616100.00
Australia and Oceania,Fiji,Baby Food,Offline,M,11/18/2013,966089475,12/30/2013,6199,255.28,159.42,1582480.72,988244.58,594236.14
Sub-Saharan Africa,Djibouti,Meat,Offline,M,3/30/2010,867521941,4/2/2010,7876,421.89,364.69,3322805.64,2872298.44,450507.20
Middle East and North Africa,Syria,Personal Care,Online,C,3/15/2014,439762818,3/19/2014,4445,81.73,56.67,363289.85,251898.15,111391.70
Central America and the Caribbean,Jamaica,Fruits,Online,M,12/21/2017,298485934,1/7/2018,7476,9.33,6.92,69751.08,51733.92,18017.16
Sub-Saharan Africa,Tanzania,Cereal,Online,C,4/11/2015,679677617,5/10/2015,566,205.70,117.11,116426.20,66284.26,50141.94
Europe,Romania,Snacks,Online,L,5/15/2017,989636695,5/27/2017,4345,152.58,97.44,662960.10,423376.80,239583.30
Sub-Saharan Africa,Benin,Beverages,Online,H,8/21/2015,254974496,8/26/2015,1474,47.45,31.79,69941.30,46858.46,23082.84
Middle East and North Africa,Jordan,Baby Food,Offline,L,1/1/2019,272614848,2/3/2019,1647,255.28,159.42,420446.16,262564.74,157881.42
Central America and the Caribbean,Nicaragua,Fruits,Offline,H,7/2/2016,659794080,8/5/2016,6585,9.33,6.92,61438.05,45568.20,15869.85
Australia and Oceania,Palau,Fruits,Online,H,9/21/2014,204061019,10/27/2014,5045,9.33,6.92,47069.85,34911.40,12158.45
Asia,Laos,Baby Food,Online,C,1/22/2011,913276994,2/19/2011,7812,255.28,159.42,1994247.36,1245389.04,748858.32
Middle East and North Africa,Morocco,Snacks,Online,H,6/13/2020,365615832,7/24/2020,2704,152.58,97.44,412576.32,263477.76,149098.56
North America,United States of America,Clothes,Online,M,7/24/2016,259563863,8/8/2016,9570,109.28,35.84,1045809.60,342988.80,702820.80
Central America and the Caribbean,Haiti,Snacks,Offline,C,12/30/2011,563919913,1/30/2012,5289,152.58,97.44,806995.62,515360.16,291635.46
Sub-Saharan Africa,Senegal,Beverages,Offline,C,2/28/2010,867795312,3/31/2010,8772,47.45,31.79,416231.40,278861.88,137369.52
Asia,Philippines,Baby Food,Offline,H,8/16/2010,830613887,10/5/2010,5962,255.28,159.42,1521979.36,950462.04,571517.32
Asia,South Korea,Clothes,Offline,H,6/15/2014,632111966,7/14/2014,4833,109.28,35.84,528150.24,173214.72,354935.52
Sub-Saharan Africa,Niger,Beverages,Online,M,11/17/2018,522338378,11/21/2018,388,47.45,31.79,18410.60,12334.52,6076.08
Europe,Montenegro,Baby Food,Offline,H,12/9/2011,371654450,12/31/2011,9666,255.28,159.42,2467536.48,1540953.72,926582.76
Middle East and North Africa,Turkey,Clothes,Offline,L,8/6/2020,120734012,8/22/2020,6732,109.28,35.84,735672.96,241274.88,494398.08
Central America and the Caribbean,The Bahamas,Office Supplies,Online,C,11/13/2019,230563390,12/19/2019,7686,651.21,524.96,5005200.06,4034842.56,970357.50
Asia,India,Personal Care,Offline,H,12/24/2012,332441413,1/9/2013,5657,81.73,56.67,462346.61,320582.19,141764.42
Middle East and North Africa,Oman,Office Supplies,Online,C,5/22/2015,577979409,5/30/2015,5806,651.21,524.96,3780925.26,3047917.76,733007.50
Asia,Mongolia,Fruits,Online,L,4/17/2017,289101207,6/6/2017,326,9.33,6.92,3041.58,2255.92,785.66
Europe,Romania,Cereal,Online,M,5/30/2010,208043134,7/10/2010,3441,205.70,117.11,707813.70,402975.51,304838.19
Central America and the Caribbean,Grenada,Fruits,Online,M,9/10/2014,247354018,10/2/2014,6406,9.33,6.92,59767.98,44329.52,15438.46
Central America and the Caribbean,Guatemala,Office Supplies,Offline,C,7/6/2019,839895188,8/23/2019,2505,651.21,524.96,1631281.05,1315024.80,316256.25
Australia and Oceania,Vanuatu,Clothes,Online,H,5/25/2010,688840472,5/31/2010,2058,109.28,35.84,224898.24,73758.72,151139.52
Middle East and North Africa,Israel,Baby Food,Online,C,3/1/2017,817676198,3/4/2017,7412,255.28,159.42,1892135.36,1181621.04,710514.32
Australia and Oceania,New Zealand,Beverages,Online,M,4/22/2012,520201194,5/24/2012,7948,47.45,31.79,377132.60,252666.92,124465.68
Asia,Bangladesh,Cosmetics,Online,M,8/9/2012,510526788,9/26/2012,5076,437.20,263.33,2219227.20,1336663.08,882564.12
Europe,Liechtenstein,Meat,Offline,H,4/18/2020,673076808,6/2/2020,7240,421.89,364.69,3054483.60,2640355.60,414128.00
Asia,Taiwan,Fruits,Online,M,9/27/2017,512587583,10/28/2017,4911,9.33,6.92,45819.63,33984.12,11835.51
Europe,Sweden,Baby Food,Offline,C,7/12/2015,504107940,7/13/2015,5597,255.28,159.42,1428802.16,892273.74,536528.42
Sub-Saharan Africa,Mozambique,Baby Food,Online,H,1/23/2015,742999207,2/9/2015,8831,255.28,159.42,2254377.68,1407838.02,846539.66
Sub-Saharan Africa,Central African Republic,Household,Online,C,11/28/2013,494935214,12/21/2013,1183,668.27,502.54,790563.41,594504.82,196058.59
Sub-Saharan Africa,Botswana,Cereal,Online,C,2/18/2011,445902287,3/21/2011,1251,205.70,117.11,257330.70,146504.61,110826.09
Central America and the Caribbean,Trinidad and Tobago,Personal Care,Offline,C,8/24/2012,452199256,10/4/2012,4664,81.73,56.67,381188.72,264308.88,116879.84
Europe,Portugal,Baby Food,Offline,L,3/8/2015,890437448,3/20/2015,9083,255.28,159.42,2318708.24,1448011.86,870696.38
Europe,Belgium,Meat,Offline,H,8/13/2011,407540690,10/1/2011,9202,421.89,364.69,3882231.78,3355877.38,526354.40
Middle East and North Africa,Tunisia ,Snacks,Online,M,9/23/2017,870745313,10/5/2017,1743,152.58,97.44,265946.94,169837.92,96109.02
Sub-Saharan Africa,Mali,Beverages,Offline,L,5/13/2013,617600142,5/18/2013,461,47.45,31.79,21874.45,14655.19,7219.26
Europe,Estonia,Office Supplies,Offline,L,12/17/2011,305966508,1/29/2012,1144,651.21,524.96,744984.24,600554.24,144430.00
Central America and the Caribbean,Grenada,Cosmetics,Offline,C,6/1/2012,664018237,6/30/2012,6607,437.20,263.33,2888580.40,1739821.31,1148759.09
Middle East and North Africa,Yemen,Personal Care,Offline,L,2/19/2015,240241658,3/22/2015,1700,81.73,56.67,138941.00,96339.00,42602.00
Europe,Greece,Fruits,Offline,C,9/2/2016,353435599,9/5/2016,8303,9.33,6.92,77466.99,57456.76,20010.23
Sub-Saharan Africa,Rwanda,Personal Care,Offline,H,2/3/2015,142711389,2/18/2015,326,81.73,56.67,26643.98,18474.42,8169.56
Asia,China,Beverages,Offline,L,4/24/2015,617492854,5/17/2015,8712,47.45,31.79,413384.40,276954.48,136429.92
Asia,Tajikistan,Personal Care,Online,H,1/17/2013,607516324,3/5/2013,6435,81.73,56.67,525932.55,364671.45,161261.10
Sub-Saharan Africa,Eritrea,Clothes,Online,H,11/17/2010,812830626,1/1/2011,3500,109.28,35.84,382480.00,125440.00,257040.00
Europe,Latvia,Personal Care,Offline,H,11/17/2012,653797090,12/25/2012,1942,81.73,56.67,158719.66,110053.14,48666.52
Australia and Oceania,New Zealand,Baby Food,Offline,C,4/17/2019,521089541,5/25/2019,830,255.28,159.42,211882.40,132318.60,79563.80
Middle East and North Africa,Pakistan,Cereal,Online,C,6/17/2010,425694310,7/3/2010,1261,205.70,117.11,259387.70,147675.71,111711.99
Europe,France,Clothes,Offline,C,5/13/2016,448910224,6/17/2016,1366,109.28,35.84,149276.48,48957.44,100319.04
Europe,Latvia,Household,Online,C,1/6/2015,292348611,1/25/2015,1305,668.27,502.54,872092.35,655814.70,216277.65
Sub-Saharan Africa,Mozambique,Household,Offline,C,8/31/2012,627933299,10/1/2012,8272,668.27,502.54,5527929.44,4157010.88,1370918.56
Australia and Oceania,Samoa ,Vegetables,Offline,L,1/24/2017,847900617,3/13/2017,1490,154.06,90.93,229549.40,135485.70,94063.70
Central America and the Caribbean,Costa Rica,Vegetables,Online,M,9/28/2010,414799392,10/31/2010,7213,154.06,90.93,1111234.78,655878.09,455356.69
Middle East and North Africa,Turkey,Baby Food,Offline,H,6/29/2020,211490952,7/14/2020,3727,255.28,159.42,951428.56,594158.34,357270.22
Asia,China,Baby Food,Online,C,10/25/2015,291149127,11/4/2015,6352,255.28,159.42,1621538.56,1012635.84,608902.72
Sub-Saharan Africa,Lesotho,Meat,Offline,L,6/22/2010,327260243,8/10/2010,2433,421.89,364.69,1026458.37,887290.77,139167.60
Sub-Saharan Africa,Nigeria,Clothes,Online,C,5/25/2014,963623130,7/11/2014,6353,109.28,35.84,694255.84,227691.52,466564.32
Europe,Iceland,Baby Food,Online,H,8/15/2017,664349114,9/19/2017,4521,255.28,159.42,1154120.88,720737.82,433383.06
Australia and Oceania,New Zealand,Vegetables,Offline,M,1/17/2017,663862025,2/21/2017,381,154.06,90.93,58696.86,34644.33,24052.53
Asia,Laos,Clothes,Offline,L,1/26/2011,916898190,2/22/2011,9405,109.28,35.84,1027778.40,337075.20,690703.20
North America,United States of America,Fruits,Online,H,8/18/2015,548506438,9/20/2015,4099,9.33,6.92,38243.67,28365.08,9878.59
Middle East and North Africa,Azerbaijan,Household,Online,C,2/2/2016,104048097,3/10/2016,8999,668.27,502.54,6013761.73,4522357.46,1491404.27
Asia,Japan,Snacks,Online,C,5/11/2015,199196994,5/21/2015,5672,152.58,97.44,865433.76,552679.68,312754.08
Middle East and North Africa,Morocco,Office Supplies,Online,C,11/6/2017,169939458,12/17/2017,7717,651.21,524.96,5025387.57,4051116.32,974271.25
Asia,Singapore,Cereal,Offline,H,6/9/2013,322574317,6/9/2013,5764,205.70,117.11,1185654.80,675022.04,510632.76
Asia,China,Vegetables,Offline,M,11/22/2014,583712899,12/19/2014,2473,154.06,90.93,380990.38,224869.89,156120.49
Sub-Saharan Africa,Botswana,Clothes,Offline,M,6/9/2020,950279033,7/26/2020,7538,109.28,35.84,823752.64,270161.92,553590.72
Central America and the Caribbean,Saint Kitts and Nevis ,Household,Offline,L,2/13/2019,139509046,4/2/2019,2682,668.27,502.54,1792300.14,1347812.28,444487.86
Sub-Saharan Africa,Zimbabwe,Office Supplies,Offline,H,7/8/2017,538951766,7/14/2017,6659,651.21,524.96,4336407.39,3495708.64,840698.75
Europe,Greece,Fruits,Offline,L,1/11/2013,556468522,1/25/2013,256,9.33,6.92,2388.48,1771.52,616.96
Middle East and North Africa,United Arab Emirates,Vegetables,Offline,L,8/4/2020,470233142,9/23/2020,1291,154.06,90.93,198891.46,117390.63,81500.83
Sub-Saharan Africa,Gabon,Household,Online,M,11/15/2013,178731954,11/19/2013,9612,668.27,502.54,6423411.24,4830414.48,1592996.76
Europe,Italy,Meat,Offline,C,3/3/2016,550763785,3/12/2016,2098,421.89,364.69,885125.22,765119.62,120005.60
Central America and the Caribbean,El Salvador,Meat,Online,L,3/11/2020,275439965,3/17/2020,7661,421.89,364.69,3232099.29,2793890.09,438209.20
Middle East and North Africa,Morocco,Household,Offline,C,10/26/2014,812184321,11/24/2014,2244,668.27,502.54,1499597.88,1127699.76,371898.12
Australia and Oceania,Nauru,Clothes,Offline,L,10/22/2011,540733182,11/12/2011,3820,109.28,35.84,417449.60,136908.80,280540.80
Australia and Oceania,Australia,Meat,Offline,L,1/31/2019,611135375,2/16/2019,7393,421.89,364.69,3119032.77,2696153.17,422879.60
Asia,Tajikistan,Office Supplies,Online,M,12/28/2013,893752229,1/8/2014,10000,651.21,524.96,6512100.00,5249600.00,1262500.00
Australia and Oceania,Fiji,Cosmetics,Offline,H,10/20/2012,429257571,12/1/2012,5709,437.20,263.33,2495974.80,1503350.97,992623.83
Central America and the Caribbean,Saint Vincent and the Grenadines,Cereal,Online,H,12/1/2011,578637731,12/4/2011,618,205.70,117.11,127122.60,72373.98,54748.62
Australia and Oceania,Fiji,Household,Offline,M,7/26/2014,973191535,8/31/2014,7857,668.27,502.54,5250597.39,3948456.78,1302140.61
Europe,Finland,Cosmetics,Offline,H,10/23/2014,864530313,11/29/2014,2586,437.20,263.33,1130599.20,680971.38,449627.82
Sub-Saharan Africa,Niger,Snacks,Offline,H,7/20/2013,474577891,9/3/2013,6999,152.58,97.44,1067907.42,681982.56,385924.86
Middle East and North Africa,Syria,Snacks,Online,H,3/12/2013,545570600,3/23/2013,5319,152.58,97.44,811573.02,518283.36,293289.66
Sub-Saharan Africa,Mauritius ,Fruits,Online,M,4/22/2012,990057265,5/17/2012,8801,9.33,6.92,82113.33,60902.92,21210.41
Sub-Saharan Africa,Benin,Beverages,Offline,C,12/14/2010,440899217,1/24/2011,731,47.45,31.79,34685.95,23238.49,11447.46
Europe,Croatia,Cereal,Offline,M,1/21/2016,301270282,3/9/2016,1426,205.70,117.11,293328.20,166998.86,126329.34
Middle East and North Africa,Algeria,Fruits,Offline,M,8/23/2014,694656789,8/23/2014,3235,9.33,6.92,30182.55,22386.20,7796.35
Australia and Oceania,Tuvalu,Office Supplies,Offline,H,4/21/2011,914857566,6/3/2011,5539,651.21,524.96,3607052.19,2907753.44,699298.75
Europe,Switzerland,Cereal,Offline,M,2/10/2012,775983941,3/11/2012,9747,205.70,117.11,2004957.90,1141471.17,863486.73
Sub-Saharan Africa,Kenya,Baby Food,Online,L,4/25/2019,162459743,5/1/2019,4303,255.28,159.42,1098469.84,685984.26,412485.58
Sub-Saharan Africa,Kenya,Personal Care,Online,H,4/6/2015,379021298,5/6/2015,9680,81.73,56.67,791146.40,548565.60,242580.80
Sub-Saharan Africa,Senegal,Office Supplies,Offline,H,7/21/2010,100717437,9/5/2010,3383,651.21,524.96,2203043.43,1775939.68,427103.75
Middle East and North Africa,Yemen,Household,Online,C,4/13/2017,322909486,4/26/2017,4947,668.27,502.54,3305931.69,2486065.38,819866.31
Central America and the Caribbean,Saint Lucia,Snacks,Offline,C,8/18/2011,311271274,9/17/2011,942,152.58,97.44,143730.36,91788.48,51941.88
Europe,United Kingdom,Baby Food,Online,M,1/15/2014,751789128,1/21/2014,9964,255.28,159.42,2543609.92,1588460.88,955149.04
Sub-Saharan Africa,Mozambique,Office Supplies,Online,H,9/30/2019,600761878,11/11/2019,7645,651.21,524.96,4978500.45,4013319.20,965181.25
Europe,France,Baby Food,Offline,M,10/8/2014,234800851,11/26/2014,1644,255.28,159.42,419680.32,262086.48,157593.84
Europe,Bulgaria,Snacks,Offline,M,5/22/2013,100829875,6/17/2013,6656,152.58,97.44,1015572.48,648560.64,367011.84
Sub-Saharan Africa,Madagascar,Clothes,Online,M,9/5/2020,266085278,10/15/2020,9402,109.28,35.84,1027450.56,336967.68,690482.88
Europe,Austria,Clothes,Online,M,6/29/2016,868115890,8/8/2016,3638,109.28,35.84,397560.64,130385.92,267174.72
Middle East and North Africa,Bahrain,Fruits,Online,C,4/7/2014,764783036,5/20/2014,5150,9.33,6.92,48049.50,35638.00,12411.50
Middle East and North Africa,Iraq,Fruits,Online,H,11/22/2012,684260547,11/24/2012,6756,9.33,6.92,63033.48,46751.52,16281.96
Asia,Bangladesh,Cereal,Offline,L,10/12/2012,975034749,11/17/2012,3305,205.70,117.11,679838.50,387048.55,292789.95
Sub-Saharan Africa,Benin,Meat,Online,L,6/27/2010,255904471,8/13/2010,6675,421.89,364.69,2816115.75,2434305.75,381810.00
Asia,Taiwan,Household,Online,M,10/7/2014,365981042,10/11/2014,778,668.27,502.54,519914.06,390976.12,128937.94
Sub-Saharan Africa,Benin,Fruits,Offline,C,11/3/2019,514688289,11/20/2019,6557,9.33,6.92,61176.81,45374.44,15802.37
North America,United States of America,Fruits,Online,M,9/26/2010,431762540,9/28/2010,6985,9.33,6.92,65170.05,48336.20,16833.85
Europe,Germany,Baby Food,Offline,H,6/2/2011,817252624,6/22/2011,2067,255.28,159.42,527663.76,329521.14,198142.62
Central America and the Caribbean,Guatemala,Meat,Offline,H,4/9/2015,191519868,5/21/2015,3840,421.89,364.69,1620057.60,1400409.60,219648.00
Middle East and North Africa,Iran,Baby Food,Offline,C,10/31/2011,745238101,11/27/2011,1370,255.28,159.42,349733.60,218405.40,131328.20
Sub-Saharan Africa,Nigeria,Vegetables,Online,C,7/15/2013,689393651,9/2/2013,5756,154.06,90.93,886769.36,523393.08,363376.28
Sub-Saharan Africa,Kenya,Vegetables,Offline,C,4/13/2018,105285346,5/2/2018,5128,154.06,90.93,790019.68,466289.04,323730.64
Asia,North Korea,Beverages,Online,C,10/9/2014,494524514,10/20/2014,9648,47.45,31.79,457797.60,306709.92,151087.68
Asia,Singapore,Snacks,Online,H,12/14/2019,729034984,1/24/2020,6507,152.58,97.44,992838.06,634042.08,358795.98
Europe,Armenia,Personal Care,Offline,C,3/8/2020,201053082,4/9/2020,4930,81.73,56.67,402928.90,279383.10,123545.80
Europe,Czech Republic,Beverages,Offline,C,5/21/2019,173127639,7/10/2019,1170,47.45,31.79,55516.50,37194.30,18322.20
Sub-Saharan Africa,Sao Tome and Principe,Cosmetics,Online,C,4/9/2012,628119981,5/1/2012,3515,437.20,263.33,1536758.00,925604.95,611153.05
Sub-Saharan Africa,Sierra Leone,Beverages,Offline,L,2/11/2011,719203937,2/27/2011,7282,47.45,31.79,345530.90,231494.78,114036.12
Europe,Austria,Vegetables,Online,L,12/25/2018,119865834,1/3/2019,9819,154.06,90.93,1512715.14,892841.67,619873.47
Europe,Lithuania,Snacks,Offline,M,9/21/2013,373904502,10/12/2013,5506,152.58,97.44,840105.48,536504.64,303600.84
Europe,Lithuania,Office Supplies,Offline,C,6/18/2017,845431268,7/20/2017,754,651.21,524.96,491012.34,395819.84,95192.50
Sub-Saharan Africa,South Africa,Office Supplies,Online,L,5/25/2016,968869960,6/4/2016,9006,651.21,524.96,5864797.26,4727789.76,1137007.50
Middle East and North Africa,Turkey,Household,Offline,H,8/15/2019,698956906,9/24/2019,5736,668.27,502.54,3833196.72,2882569.44,950627.28
Europe,Moldova ,Fruits,Online,C,12/27/2010,960740935,2/6/2011,3447,9.33,6.92,32160.51,23853.24,8307.27
Asia,Uzbekistan,Beverages,Online,H,8/23/2018,499583375,10/10/2018,6677,47.45,31.79,316823.65,212261.83,104561.82
Europe,Ukraine,Household,Offline,C,5/31/2013,831158053,7/2/2013,6993,668.27,502.54,4673212.11,3514262.22,1158949.89
Central America and the Caribbean,El Salvador,Beverages,Offline,M,5/26/2010,391451299,6/25/2010,7993,47.45,31.79,379267.85,254097.47,125170.38
Sub-Saharan Africa,Malawi,Meat,Online,C,3/6/2010,386761939,3/22/2010,307,421.89,364.69,129520.23,111959.83,17560.40
Europe,Montenegro,Beverages,Offline,C,10/25/2014,743701303,11/21/2014,6597,47.45,31.79,313027.65,209718.63,103309.02
Middle East and North Africa,Morocco,Clothes,Offline,M,11/7/2011,559193217,12/15/2011,6554,109.28,35.84,716221.12,234895.36,481325.76
Sub-Saharan Africa,Republic of the Congo,Fruits,Offline,H,9/17/2011,350474011,10/26/2011,1903,9.33,6.92,17754.99,13168.76,4586.23
Australia and Oceania,East Timor,Snacks,Offline,M,4/15/2010,705092513,4/20/2010,1398,152.58,97.44,213306.84,136221.12,77085.72
Sub-Saharan Africa,Cote d'Ivoire,Household,Online,L,9/2/2015,930910050,10/1/2015,5826,668.27,502.54,3893341.02,2927798.04,965542.98
Europe,Hungary,Baby Food,Offline,M,9/16/2010,406100451,10/23/2010,3003,255.28,159.42,766605.84,478738.26,287867.58
Asia,Cambodia,Snacks,Offline,C,11/9/2011,829150044,12/2/2011,2779,152.58,97.44,424019.82,270785.76,153234.06
Middle East and North Africa,Morocco,Vegetables,Online,H,4/26/2010,368857657,5/12/2010,2033,154.06,90.93,313203.98,184860.69,128343.29
Europe,Latvia,Fruits,Offline,L,3/14/2020,414334619,3/24/2020,9676,9.33,6.92,90277.08,66957.92,23319.16
Europe,Kosovo,Personal Care,Online,C,9/6/2019,625004756,10/13/2019,1651,81.73,56.67,134936.23,93562.17,41374.06
Sub-Saharan Africa,Zambia,Baby Food,Online,M,7/10/2020,280604398,8/20/2020,5932,255.28,159.42,1514320.96,945679.44,568641.52
Asia,Laos,Fruits,Online,M,12/16/2019,531182372,12/22/2019,7523,9.33,6.92,70189.59,52059.16,18130.43
Sub-Saharan Africa,Seychelles ,Beverages,Offline,H,9/17/2016,347100007,10/16/2016,3460,47.45,31.79,164177.00,109993.40,54183.60
Sub-Saharan Africa,Burkina Faso,Household,Online,L,5/16/2016,569031131,6/30/2016,7812,668.27,502.54,5220525.24,3925842.48,1294682.76
Sub-Saharan Africa,Madagascar,Snacks,Offline,C,4/30/2015,757962071,4/30/2015,6675,152.58,97.44,1018471.50,650412.00,368059.50
Sub-Saharan Africa,Tanzania,Beverages,Offline,H,10/26/2016,545191657,11/29/2016,3182,47.45,31.79,150985.90,101155.78,49830.12
Europe,Vatican City,Baby Food,Online,C,11/25/2014,982331216,1/8/2015,2491,255.28,159.42,635902.48,397115.22,238787.26
Central America and the Caribbean,Saint Kitts and Nevis ,Personal Care,Online,H,6/23/2010,491304576,7/11/2010,6797,81.73,56.67,555518.81,385185.99,170332.82
Asia,Myanmar,Household,Online,H,8/24/2016,714348065,9/2/2016,322,668.27,502.54,215182.94,161817.88,53365.06